features,fold,R2,RMSE_C,MAE_C,Hotspot_F1
M1_MSI,1,0.3668948354446341,3.725852172023706,2.5527343526490354,0.14328358208955225
M1_MSI,2,0.33975793977442426,3.3746337708149508,2.346578222867601,0.10285714285714286
M1_MSI,3,0.3893117085566953,3.4033020271639045,2.3790421712478427,0.14962121212121213
M2_Full_HSI,1,0.4005045844537055,3.6256061488127385,2.4481910755969833,0.1883153715258083
M2_Full_HSI,2,0.37579618226248834,3.2812420229354804,2.2822858844601837,0.09322033898305085
M2_Full_HSI,3,0.4163813180910363,3.3270190561847603,2.3153548870371776,0.2282793867120954
M3_HSI_Unmixing,1,0.5137693357684497,3.26519305191165,2.1833841751358545,0.43079661771250555
M3_HSI_Unmixing,2,0.4392635085866453,3.109957575205043,2.145769590966129,0.3149113660062565
M3_HSI_Unmixing,3,0.48595094084753443,3.1224319342562605,2.160132230668883,0.3410553410553411
